Номер ф-ции; Точка минимума; Знач ф-ции; Кол-во точек; Ист.знач.минимума; Ист.знач.ф-ции; Погрешность по x;Погрешность по f 
0;7;-1.57564;30;7.288;-1.85298;0.288;0.277343
1;2.4948;-2.09355;32;2.497;-2.0936;0.00219748;5.37418e-05
2;0.800858;-2.3749;26;0.803;-2.37493;0.00214187;3.28359e-05
3;5.18975;-1.21736;30;7.833;-1.76149;2.64325;0.544131
4;5.61903;-1.77726;32;8.762;-2.86001;3.14297;1.08275
5;5.97448;-1.80808;32;7.691;-2.19686;1.71652;0.388781
6;0.896975;-1.91196;34;0.901;-1.91211;0.00402473;0.000147677
7;3.36689;-2.19499;30;3.37;-2.19514;0.0031145;0.00014748
8;3.64335;-3.89658;26;3.642;-3.89667;0.00134713;8.50679e-05
9;5.53778;-2.04275;28;5.538;-2.04275;0.000223971;4.79738e-06
10;5.90379;-1.72678;38;8.351;-3.14299;2.44721;1.41621
11;3.15893;-1.83148;32;3.162;-1.83163;0.00306793;0.000146783
12;5.21277;-2.03499;26;5.209;-2.03521;0.00376898;0.000224599
13;3.34937;-2.10205;28;3.351;-2.10209;0.00162891;3.94741e-05
14;6.82082;-1.90634;32;6.823;-1.90642;0.00217783;8.0253e-05
15;1.29646;-1.65875;67;9.469;-1.96309;8.17254;0.304341
16;7;-3.018;26;7.157;-3.44893;0.157;0.430925
17;5.21133;-1.89002;30;5.212;-1.89005;0.000674616;2.618e-05
18;1.5504;-2.50859;28;1.551;-2.5086;0.00059741;1.09281e-05
19;4.99329;-2.46701;35;4.991;-2.46707;0.00228735;5.79837e-05
20;5.14005;-2.23207;30;5.14;-2.23207;5.44546e-05;2.32192e-06
21;2.67262;-1.90504;36;2.67;-1.90514;0.00261808;0.00010463
22;0.138109;-2.01518;32;0.14;-2.01529;0.00189117;0.000108958
23;2.98099;-1.59992;56;9.004;-2.95998;6.02301;1.36006
24;5.11049;-2.89922;23;5.11;-2.89922;0.000488898;4.06018e-06
25;3.55954;-1.72514;34;3.555;-1.72527;0.00454227;0.000134161
26;2.32239;-1.63532;44;8.659;-2.1656;6.33661;0.530285
27;5.54872;-2.68004;23;5.55;-2.68007;0.0012806;2.66369e-05
28;4.11513;-2.08073;32;4.118;-2.0808;0.00286593;7.1748e-05
29;1.2217;-2.57095;28;1.219;-2.57115;0.00270078;0.000203457
30;7;-2.4349;29;7.191;-3.38741;0.191;0.952512
31;4.57782;-2.08314;24;4.579;-2.08314;0.00117565;3.18418e-06
32;2.94367;-2.71673;34;2.943;-2.71673;0.000670349;4.7445e-06
33;2.84828;-2.75768;22;2.846;-2.75781;0.00227831;0.00012739
34;0.88035;-2.94307;27;0.884;-2.94354;0.00365009;0.000471602
35;4.8235;-1.97617;26;4.819;-1.97648;0.00450151;0.000313538
36;1.30366;-2.11099;26;1.306;-2.11114;0.00234185;0.000147933
37;3.29194;-2.43103;32;3.292;-2.43103;6.12336e-05;3.47566e-06
38;6.7595;-2.13592;27;6.757;-2.13599;0.00250475;6.77114e-05
39;4.28957;-2.39147;30;4.292;-2.39159;0.00242625;0.0001155
40;7;-1.67994;37;8.713;-2.14258;1.713;0.462641
41;2.6584;-2.40206;18;2.656;-2.40213;0.00239866;7.19851e-05
42;4.40499;-2.39459;30;4.399;-2.39552;0.00598693;0.000932701
43;1.33766;-2.19484;32;1.34;-2.19491;0.00234436;6.71562e-05
44;2.68153;-2.21462;36;2.679;-2.21471;0.002527;8.51119e-05
45;1.33948;-2.01378;30;1.346;-2.01473;0.00652134;0.000947555
46;1.82841;-3.32985;26;1.828;-3.32986;0.000411095;5.03577e-06
47;1.17831;-2.29795;40;1.179;-2.29795;0.000694968;2.58519e-06
48;2.64095;-2.1215;30;2.636;-2.12219;0.00494829;0.000690065
49;2.3346;-1.86816;32;2.333;-1.86816;0.0015952;2.44628e-06
50;0.468557;-2.00676;48;9.73;-2.48836;9.26144;0.481602
51;3.93475;-1.96539;34;7.981;-2.14927;4.04625;0.183878
52;6.30441;-1.15873;45;7.985;-2.26542;1.68059;1.10669
53;2.29655;-1.9338;34;2.3;-1.93403;0.00345061;0.000228674
54;5.61024;-1.81584;34;8.575;-1.98591;2.96476;0.170066
55;1.27932;-2.58932;26;1.278;-2.58936;0.00131761;4.02317e-05
56;5.73183;-2.08217;30;5.733;-2.08216;0.00116929;6.84533e-06
57;2.62243;-1.72178;37;9.522;-2.28467;6.89957;0.562892
58;3.67199;-2.2524;34;3.674;-2.25246;0.00201029;5.72635e-05
59;6.40793;-2.97102;28;6.408;-2.97102;6.74999e-05;1.05163e-06
60;4.54908;-2.26877;36;4.545;-2.26896;0.00407545;0.000188567
61;0.907123;-2.30742;28;0.908;-2.30743;0.000876834;1.27723e-05
62;3.64746;-3.05056;28;3.648;-3.05056;0.000540585;4.67423e-06
63;0.27781;-3.45083;23;0.275;-3.45105;0.00281041;0.00021601
64;2.61836;-1.66775;40;7.499;-1.82753;4.88064;0.159777
65;1.47945;-1.81401;30;9.149;-1.94513;7.66955;0.131123
66;5.35946;-2.32461;30;5.364;-2.32479;0.00453769;0.000180785
67;5.97036;-2.38415;30;5.97;-2.38414;0.000359755;8.26236e-06
68;5.61213;-2.53944;26;5.609;-2.53954;0.00313478;9.79073e-05
69;1.36174;-2.71773;30;1.363;-2.71774;0.00126442;1.25969e-05
70;2.13205;-1.26093;45;7.536;-2.20182;5.40395;0.940894
71;3.50765;-2.02244;29;3.512;-2.02306;0.00435057;0.000623944
72;0.214302;-1.46954;40;9.512;-2.91755;9.2977;1.44801
73;3.35822;-2.41162;28;3.359;-2.41165;0.00078069;2.93714e-05
74;1.98216;-2.37513;45;1.984;-2.37522;0.00184056;9.10491e-05
75;1.74265;-2.9199;26;1.74;-2.92006;0.00264978;0.000164013
76;3.36887;-3.11365;26;3.368;-3.11371;0.000873061;6.48089e-05
77;1.99014;-2.75211;34;1.986;-2.75221;0.00414291;0.000100495
78;6.98113;-1.37817;28;9.042;-1.92595;2.06087;0.547784
79;0.391669;-1.83226;28;0.392;-1.83226;0.000330883;3.0369e-06
80;5.05705;-3.0309;26;5.057;-3.0309;5.41874e-05;1.89312e-06
81;4.27074;-2.37929;26;4.268;-2.37948;0.00273953;0.00018918
82;2.11819;-1.84886;30;2.124;-1.84944;0.00581377;0.000584281
83;5.72656;-3.02651;31;5.722;-3.0271;0.00455996;0.000592689
84;6.14373;-2.59366;28;6.14;-2.59392;0.00372596;0.000262102
85;5.4299;-2.51398;38;5.425;-2.51458;0.00489532;0.000596986
86;5.74203;-1.7972;30;7.697;-1.98422;1.95497;0.187024
87;2.16357;-2.23386;34;2.166;-2.23391;0.00242783;5.47736e-05
88;2.6902;-2.20206;34;2.685;-2.20281;0.00519781;0.000754326
89;3.55798;-2.67354;32;3.558;-2.67355;2.36644e-05;9.94158e-06
90;2.1157;-1.86735;28;8.797;-1.87309;6.6813;0.00573855
91;6.40585;-2.18048;38;6.404;-2.1805;0.00184872;1.63431e-05
92;4.866;-2.20391;40;4.871;-2.2042;0.0050012;0.000287293
93;1.41463;-2.09229;38;1.414;-2.0923;0.000632525;5.14534e-06
94;6.3851;-3.61189;30;6.381;-3.61233;0.0040981;0.000438211
95;1.1071;-1.75322;32;1.108;-1.75324;0.000900169;1.74201e-05
96;1.51503;-1.72119;44;8.967;-1.96371;7.45197;0.24252
97;4.30674;-2.07093;42;9.123;-2.56501;4.81626;0.494077
98;3.44988;-1.16656;63;7.854;-1.49308;4.40412;0.326518
99;1.24359;-2.26226;32;1.245;-2.2623;0.00141032;3.69352e-05
100;2.54829;-2.7903;26;2.548;-2.79032;0.000292197;1.53164e-05
101;3.2548;-1.89187;32;3.255;-1.89186;0.000202575;8.53392e-06
102;5.98824;-4.58456;28;5.986;-4.5847;0.0022421;0.000136323
103;1.65599;-1.27318;42;7.967;-2.15234;6.31101;0.879156
104;2.02906;-2.27087;32;2.029;-2.27088;5.89167e-05;1.00026e-05
105;6.55748;-1.39487;48;7.983;-1.8035;1.42552;0.40863
106;0.725989;-2.42821;32;0.721;-2.42863;0.00498906;0.00042206
107;6.94803;-2.28171;24;6.947;-2.28173;0.00102674;1.81544e-05
108;7;-1.32902;54;8.227;-2.75481;1.227;1.42579
109;2.97628;-1.8414;36;8.923;-1.95482;5.94672;0.113417
110;6.46374;-1.82235;32;6.46;-1.82247;0.00373916;0.000123485
111;3.51238;-2.10305;30;3.514;-2.10315;0.00161537;0.000104108
112;3.88624;-1.89281;34;3.883;-1.89306;0.00323645;0.000249565
113;3.75013;-1.98395;28;3.75;-1.98395;0.000134392;4.89592e-06
114;4.4608;-1.42957;47;9.888;-1.46281;5.4272;0.0332351
115;0.941026;-3.32811;28;0.944;-3.3283;0.00297422;0.000193519
116;1.14148;-2.55676;26;1.137;-2.55725;0.00447873;0.000491167
117;4.45831;-2.01726;51;7.147;-2.29451;2.68869;0.277245
118;2.27657;-1.91086;39;2.281;-1.91119;0.00443122;0.000325878
119;5.15728;-2.39943;24;5.157;-2.39943;0.000275195;4.6989e-06
120;6.6082;-3.22576;24;6.605;-3.22599;0.00319655;0.00022732
121;4.8085;-1.5388;48;4.81;-1.53881;0.00150369;8.86955e-06
122;1.68635;-1.93965;38;1.685;-1.9397;0.00135115;4.83988e-05
123;1.74673;-2.03657;26;1.744;-2.03667;0.00273312;9.69909e-05
124;4.49264;-1.50126;40;4.491;-1.50128;0.00163957;2.46798e-05
125;1.54244;-1.58727;32;9.654;-2.50822;8.11156;0.920954
126;6.29314;-1.08435;58;8.923;-3.34054;2.62986;2.25619
127;2.72695;-2.90796;26;2.731;-2.90839;0.00404779;0.000429231
128;2.77061;-2.01481;28;2.765;-2.01562;0.00561149;0.000812014
129;4.18084;-2.33777;26;4.181;-2.33777;0.000163619;1.351e-07
130;0.67301;-2.6874;25;0.675;-2.68749;0.00199034;8.71037e-05
131;5.29238;-1.9259;33;5.296;-1.92603;0.00361932;0.00012593
132;1.6458;-1.94546;32;1.649;-1.94562;0.00320115;0.000157291
133;2.51143;-1.90193;40;2.512;-1.90193;0.000573019;1.94514e-06
134;6.95009;-1.75438;28;8.651;-1.87021;1.70091;0.115835
135;7;-1.50114;36;8.442;-2.11983;1.442;0.618688
136;4.59693;-2.60903;27;4.601;-2.60931;0.00406559;0.000277577
137;3.59201;-1.58228;40;3.597;-1.58258;0.00498764;0.000298059
138;1.74256;-2.81029;30;1.744;-2.81033;0.00144387;4.17093e-05
139;1.27525;-1.53866;50;1.268;-1.53909;0.00725215;0.000433863
140;4.47859;-2.40452;35;4.482;-2.40499;0.0034082;0.000465553
141;3.09512;-1.84676;38;3.092;-1.84686;0.00312459;0.000101972
142;3.92976;-2.54124;25;3.932;-2.54132;0.00224324;7.90395e-05
143;0.401088;-2.57126;28;0.396;-2.5717;0.0050879;0.000437042
144;1.87738;-2.14473;28;1.877;-2.14472;0.000377706;5.93833e-06
145;4.40147;-2.38378;23;4.398;-2.38396;0.0034708;0.000178555
146;7;-1.25148;55;9.646;-3.27538;2.646;2.0239
147;6.50781;-2.03665;30;6.508;-2.03665;0.00018721;7.49695e-08
148;4.4619;-1.54245;36;8.305;-2.51363;3.8431;0.971184
149;0.779617;-1.90271;26;8.099;-2.25009;7.31938;0.347382
150;5.90065;-2.39408;30;5.9;-2.39408;0.00064809;2.34026e-06
151;7;-2.11018;22;7.153;-2.50041;0.153;0.39023
152;4.28805;-2.55882;26;4.287;-2.55885;0.00104983;2.82602e-05
153;6.79455;-1.61727;40;8.193;-1.86733;1.39845;0.25006
154;4.45375;-1.51954;40;9.008;-1.70799;4.55425;0.188454
155;4.80528;-1.82822;26;8.145;-2.56582;3.33972;0.737598
156;6.33762;-2.01901;34;6.339;-2.01905;0.00137518;4.28034e-05
157;3.21841;-2.11355;40;3.216;-2.11371;0.00241377;0.000158535
158;2.83795;-2.57778;24;8.009;-2.75254;5.17105;0.174757
159;2.51511;-2.02187;53;2.518;-2.02191;0.00289159;3.62672e-05
160;0.507819;-2.49024;40;0.511;-2.49033;0.00318133;9.05678e-05
161;2.06715;-2.76655;24;2.069;-2.76661;0.00184586;5.72468e-05
162;5.93939;-1.9227;40;5.941;-1.92271;0.00161219;1.28961e-05
163;2.00239;-2.22028;22;2.007;-2.22059;0.00461418;0.000309284
164;3.55211;-1.7941;28;3.554;-1.79417;0.00188821;7.20502e-05
165;5.96942;-1.21364;60;8.814;-2.09584;2.84458;0.882197
166;1.94238;-1.91234;42;8.193;-1.97072;6.25062;0.0583785
167;5.24475;-1.6322;32;9.764;-1.92336;4.51925;0.291161
168;5.35713;-1.53993;39;5.362;-1.54017;0.00487252;0.000239052
169;6.733;-2.64765;26;6.731;-2.64772;0.00199914;7.27272e-05
170;4.48238;-1.74338;54;7.812;-4.59169;3.32962;2.84831
171;5.41636;-1.93784;30;5.412;-1.93809;0.00436447;0.000253117
172;6.36677;-1.8649;27;6.365;-1.86498;0.00176974;8.40921e-05
173;3.93482;-3.62863;24;3.939;-3.62881;0.0041812;0.000184196
174;4.64629;-1.89253;32;4.651;-1.89289;0.0047102;0.000362261
175;0.714264;-1.60802;36;8.786;-1.82643;8.07174;0.218408
176;4.38678;-2.34627;30;4.388;-2.3463;0.00121705;3.38237e-05
177;7;-2.97342;19;7.153;-3.31142;0.153;0.338001
178;7;-1.89306;24;7.064;-1.94107;0.064;0.0480131
179;4.55529;-2.51134;26;8.933;-2.52511;4.37771;0.0137674
180;6.31325;-2.37031;24;6.312;-2.37037;0.00124926;5.56017e-05
181;3.38679;-1.98167;30;3.388;-1.98174;0.00120609;7.41651e-05
182;4.72876;-2.15669;38;4.724;-2.15705;0.00475898;0.000360453
183;3.37505;-2.23834;36;3.377;-2.23845;0.00195405;0.000106805
184;0.374433;-2.03428;26;0.372;-2.03436;0.00243268;8.31141e-05
185;4.64482;-1.98741;32;8.091;-2.03196;3.44618;0.0445509
186;6.07121;-2.71432;23;6.072;-2.71434;0.000792345;2.49586e-05
187;4.5104;-2.92259;26;4.511;-2.9226;0.000604109;5.58451e-06
188;6.82019;-3.34153;22;6.813;-3.34224;0.00719329;0.000713451
189;6.14348;-2.01771;32;6.143;-2.01772;0.000475586;1.35987e-05
190;1.36285;-1.52047;34;1.362;-1.52048;0.000852562;1.00842e-05
191;4.98002;-2.6435;26;4.981;-2.64351;0.000976232;1.16598e-05
192;5.91625;-2.13113;36;5.918;-2.13114;0.00175016;6.92416e-06
193;3.57425;-1.73593;30;3.579;-1.73623;0.0047456;0.000296511
194;3.75703;-2.1258;26;3.757;-2.12581;3.05044e-05;1.2875e-05
195;4.25143;-2.12565;45;4.25;-2.12567;0.00142827;1.69807e-05
196;2.24443;-1.66776;44;8.223;-2.17889;5.97857;0.511129
197;3.79636;-1.98486;27;3.793;-1.985;0.00336266;0.000140547
198;6.23537;-3.05467;24;6.23;-3.05505;0.00536712;0.000376032
199;1.49351;-1.67306;42;1.493;-1.67306;0.000507447;2.50074e-06
200;4.69256;-1.92416;26;4.697;-1.92458;0.00443889;0.000424362
201;6.36214;-1.52915;43;7.149;-1.77391;0.786859;0.244765
202;3.59519;-2.23431;30;3.597;-2.23436;0.0018101;4.73212e-05
203;5.10304;-2.33237;28;5.105;-2.33244;0.00196463;7.03895e-05
204;1.36858;-2.19487;38;1.37;-2.19489;0.00142331;1.51403e-05
205;5.90021;-1.80903;36;5.897;-1.8092;0.00320926;0.000167741
206;1.87695;-2.1861;36;1.872;-2.1865;0.00495463;0.000403237
207;2.75999;-1.84503;30;8.736;-2.59777;5.97601;0.752741
208;3.80727;-1.63067;38;3.809;-1.63069;0.00173325;2.47806e-05
209;7;-1.6718;70;7.365;-2.91898;0.365;1.24718
210;0.199041;-3.6142;22;0.197;-3.61433;0.00204128;0.00012819
211;0.553557;-1.9212;32;0.56;-1.9218;0.00644349;0.00059946
212;2.94176;-1.62754;40;9.364;-1.65383;6.42224;0.02629
213;4.29282;-2.01461;34;4.301;-2.01557;0.00818218;0.000964822
214;0.847631;-1.8653;34;7.669;-2.55812;6.82137;0.692819
215;3.69423;-2.38709;26;3.691;-2.38717;0.00323038;7.7337e-05
216;1.3913;-1.76252;30;1.392;-1.76253;0.000696587;1.01236e-05
217;6.48144;-1.97764;40;9.375;-2.13931;2.89356;0.161672
218;1.54083;-1.9936;38;1.543;-1.99365;0.00217237;4.56538e-05
219;5.19283;-1.50632;50;9.431;-2.16215;4.23817;0.655832
220;4.56895;-1.64842;52;4.573;-1.64849;0.00405201;6.76471e-05
221;5.56844;-2.01683;40;8.18;-2.81535;2.61156;0.798523
222;0.671254;-2.52254;25;0.67;-2.52254;0.00125394;1.61095e-06
223;5.00723;-1.94406;34;7.837;-2.70242;2.82977;0.758358
224;3.97444;-1.94756;34;3.976;-1.94763;0.00156386;7.44827e-05
225;6.80057;-1.7353;44;7.378;-2.1844;0.577431;0.449096
226;7;-2.17685;29;7.166;-2.46649;0.166;0.289643
227;1.77079;-3.48164;30;1.766;-3.48186;0.00479059;0.000219363
228;0.942228;-1.92234;28;7.95;-1.95207;7.00777;0.0297269
229;7;-2.22368;24;7.044;-2.25776;0.044;0.034084
230;3.60297;-1.45176;34;3.602;-1.45176;0.000972388;4.01352e-06
231;1.67375;-3.20838;30;1.668;-3.20871;0.00575042;0.000329241
232;2.00207;-2.84798;26;2.003;-2.84797;0.000926269;6.26046e-06
233;1.7896;-1.87206;28;7.438;-2.1251;5.6484;0.253041
234;4.74178;-2.16363;42;4.742;-2.16364;0.00022338;6.53923e-06
235;2.90221;-1.67252;27;2.901;-1.67255;0.00121331;3.36044e-05
236;3.94878;-1.30916;54;9.112;-1.49449;5.16322;0.185329
237;5.10494;-2.72667;22;5.107;-2.72673;0.0020575;5.93092e-05
238;3.27169;-2.64291;24;3.271;-2.64292;0.00068994;1.44817e-05
239;0.3817;-1.90259;41;0.386;-1.903;0.00429955;0.000407234
240;3.96492;-2.18921;33;3.968;-2.18957;0.00307548;0.000356586
241;4.65936;-1.78781;38;4.661;-1.78782;0.00163988;1.49568e-05
242;6.65141;-2.15845;30;7.219;-2.20039;0.56759;0.0419445
243;7;-2.12639;22;7.365;-3.28259;0.365;1.1562
244;4.71938;-2.02248;32;4.716;-2.02264;0.00338329;0.000159594
245;2.85267;-1.98318;24;2.852;-1.9832;0.000666819;1.94218e-05
246;1.48573;-2.45664;28;1.485;-2.45665;0.000727178;7.66518e-06
247;1.74341;-1.83681;34;1.741;-1.83685;0.00240808;3.96848e-05
248;6.00755;-2.6769;28;6.005;-2.67702;0.00255303;0.000122773
249;6.9909;-2.14371;28;6.992;-2.14375;0.00110169;3.92325e-05
250;4.06449;-1.83516;42;8.572;-1.95379;4.50751;0.118634
251;5.13848;-2.25392;26;5.141;-2.25407;0.00251998;0.000154383
252;5.72672;-2.74053;25;5.727;-2.74052;0.000276754;1.27138e-05
253;2.28802;-2.61395;22;2.289;-2.61397;0.00098153;2.12061e-05
254;6.83363;-2.10033;24;6.833;-2.10033;0.000632716;4.81042e-06
255;0.583224;-1.71187;42;7.268;-1.85481;6.68478;0.142941
256;5.17736;-2.26252;26;5.181;-2.26275;0.003636;0.000234313
257;3.20399;-2.23453;26;3.203;-2.23453;0.000989646;1.71108e-06
258;6.95721;-1.75499;30;7.366;-2.12769;0.408791;0.372702
259;0.926108;-2.08957;46;0.925;-2.08956;0.00110782;1.34185e-05
260;3.36546;-1.87199;32;3.367;-1.87203;0.00153642;3.69145e-05
261;1.37637;-1.71302;28;1.37;-1.71363;0.00636858;0.000609168
262;1.5319;-2.0337;28;1.534;-2.03379;0.00209796;8.58235e-05
263;2.57844;-2.30231;36;2.576;-2.30233;0.00243593;1.8712e-05
264;1.63627;-2.36256;30;1.641;-2.36308;0.00472806;0.000515098
265;0.474669;-1.54506;34;0.472;-1.54513;0.0026693;6.81015e-05
266;3.1248;-1.80344;27;3.122;-1.80361;0.00280297;0.000167462
267;6.13586;-2.38797;28;6.132;-2.38815;0.00386397;0.000179733
268;0.893609;-2.98769;24;0.898;-2.98802;0.00439126;0.000332891
269;6.12645;-2.83452;28;6.134;-2.83593;0.00754549;0.00140869
270;3.99456;-2.03796;44;9.604;-2.39345;5.60944;0.355494
271;2.15302;-3.18589;24;2.159;-3.1862;0.00597862;0.000313936
272;6.70267;-2.27104;32;6.699;-2.27122;0.00366522;0.000181687
273;6.21916;-2.88208;27;6.225;-2.88238;0.0058408;0.000302837
274;6.33855;-2.09126;26;8.071;-2.19048;1.73245;0.0992214
275;1.30247;-3.42785;24;1.306;-3.42814;0.00353214;0.000290384
276;4.55259;-2.69918;29;4.549;-2.69944;0.00358713;0.000263887
277;2.13715;-1.67883;50;9.658;-1.83866;7.52085;0.159827
278;1.68101;-2.08362;35;1.684;-2.08372;0.00299345;9.58227e-05
279;3.82738;-1.56679;46;3.82;-1.56729;0.00738287;0.0005013
280;3.47002;-1.28088;44;9.559;-2.23668;6.08898;0.955804
281;2.40321;-1.79905;44;2.407;-1.79908;0.00379321;2.93461e-05
282;5.01465;-2.56211;32;5.018;-2.56228;0.00335238;0.000169765
283;4.99697;-2.46884;30;4.996;-2.46886;0.000973984;2.08743e-05
284;4.59209;-1.82792;29;7.468;-2.42642;2.87591;0.598505
285;1.13657;-1.73992;42;7.531;-1.92053;6.39443;0.180609
286;1.7493;-1.94604;30;7.33;-1.98681;5.5807;0.0407699
287;0.161452;-2.05754;34;0.163;-2.05756;0.00154818;2.41151e-05
288;1.95398;-3.00579;26;1.951;-3.00597;0.0029812;0.000183725
289;6.58551;-2.63146;38;6.587;-2.63146;0.00149486;2.32747e-06
290;1.10579;-2.28558;30;1.111;-2.28643;0.00521413;0.000847035
291;0.108106;-0.996916;78;7.583;-2.58002;7.47489;1.5831
292;3.15961;-3.01492;28;3.159;-3.01495;0.000614806;2.94717e-05
293;0.732701;-2.00276;24;0.731;-2.00282;0.00170065;5.76299e-05
294;5.90244;-2.07338;37;5.903;-2.07338;0.000563778;2.06683e-06
295;5.6627;-1.95891;28;7.22;-2.47027;1.5573;0.511356
296;4.62096;-1.74186;27;4.62;-1.74187;0.000962049;1.18358e-05
297;6.06815;-1.97743;38;9.6;-2.49168;3.53185;0.514248
298;6.82543;-1.86037;37;7.89;-1.96319;1.06457;0.102818
299;1.10584;-1.11918;73;8.564;-3.38846;7.45816;2.26928
300;4.28421;-2.01298;24;4.285;-2.01299;0.000786866;1.12731e-05
301;4.58673;-2.20032;20;4.585;-2.20036;0.00172747;3.99876e-05
302;4.88373;-1.13918;91;8.334;-3.99316;3.45027;2.85398
303;5.15041;-1.3602;44;8.6;-2.15807;3.44959;0.797875
304;3.07664;-3.57557;27;3.079;-3.5757;0.00236153;0.000130297
305;2.65997;-1.86437;32;9.25;-2.42949;6.59003;0.565122
306;2.25659;-2.45402;29;2.258;-2.4541;0.00140508;8.13866e-05
307;5.83185;-2.90795;26;5.83;-2.90799;0.00184536;3.53588e-05
308;6.18718;-2.91067;22;6.187;-2.91067;0.000184762;4.41553e-06
309;2.90336;-1.9314;34;2.898;-1.93164;0.00535708;0.000236782
310;0.145528;-1.74365;36;8.298;-1.74865;8.15247;0.00499931
311;1.32519;-2.28423;26;1.326;-2.28426;0.000807424;3.20507e-05
312;5.78987;-2.75139;24;5.796;-2.75192;0.00612538;0.000532505
313;1.11309;-2.36154;24;1.113;-2.36154;9.31352e-05;1.43351e-06
314;2.08883;-1.63845;32;7.264;-1.82193;5.17517;0.183484
315;4.35432;-1.67623;40;9.807;-2.31381;5.45268;0.637581
316;6.70845;-2.18476;26;6.71;-2.18482;0.00154894;5.60878e-05
317;0.0487765;-2.02095;27;0.045;-2.02123;0.00377654;0.000275856
318;4.39978;-2.01578;32;4.392;-2.01678;0.00778145;0.000995105
319;0.260196;-1.87785;26;8.124;-1.88425;7.8638;0.00639691
320;3.97472;-2.02769;32;3.982;-2.02912;0.00728403;0.00143416
321;3.03316;-1.27674;64;8.193;-2.47899;5.15984;1.20225
322;0.638327;-1.72547;30;0.636;-1.72551;0.00232656;4.24671e-05
323;3.02743;-1.6805;35;7.776;-1.84825;4.74857;0.16775
324;0.65724;-2.46153;44;0.652;-2.4618;0.00524003;0.00027131
325;0.979562;-1.6156;44;8.349;-2.14111;7.36944;0.525509
326;3.76491;-2.77183;30;3.768;-2.77204;0.00309156;0.000207515
327;3.56097;-2.696;28;3.561;-2.69602;2.96896e-05;2.0863e-05
328;5.2619;-2.25035;34;5.268;-2.2508;0.00610283;0.000451811
329;6.9614;-1.96821;30;6.962;-1.96821;0.000599514;1.17729e-06
330;5.32811;-1.82374;44;9.434;-2.86672;4.10589;1.04298
331;0.765579;-2.18577;34;0.761;-2.18603;0.00457851;0.000259352
332;1.76173;-2.07527;30;1.76;-2.07538;0.00172505;0.000108243
333;1.71902;-2.34653;26;1.72;-2.34657;0.000976505;3.53409e-05
334;4.58533;-2.41419;42;4.581;-2.41438;0.00432843;0.000190178
335;1.3792;-2.75732;35;1.376;-2.75743;0.00319957;0.000106977
336;5.68024;-2.24595;31;5.677;-2.24619;0.00324456;0.000242507
337;3.14795;-2.75764;28;3.15;-2.75772;0.00204522;7.52551e-05
338;0.67642;-2.33964;34;0.68;-2.33978;0.00358015;0.00013727
339;2.35235;-3.40877;22;2.347;-3.40931;0.00535027;0.000541437
340;2.65238;-1.77731;39;2.652;-1.77731;0.000376654;1.49703e-06
341;1.28971;-2.08596;24;1.287;-2.08611;0.00270591;0.000146675
342;2.59871;-1.6946;31;2.603;-1.69484;0.00429154;0.000235355
343;2.60687;-1.93787;28;2.606;-1.93787;0.000872578;3.04304e-07
344;5.91267;-2.03114;26;5.908;-2.03131;0.00467496;0.000166356
345;5.99433;-2.23553;28;5.991;-2.23569;0.00332561;0.000162287
346;1.90778;-2.05326;32;1.912;-2.05355;0.00422321;0.000286568
347;6.82398;-1.11712;58;9.699;-3.11315;2.87502;1.99603
348;4.40232;-3.15032;29;4.403;-3.15033;0.000676082;7.47923e-06
349;4.04933;-1.80921;34;4.051;-1.80924;0.00166658;2.87496e-05
350;3.7273;-1.30948;74;7.978;-4.3147;4.2507;3.00522
351;5.50896;-2.27946;30;5.504;-2.2799;0.00496389;0.000436629
352;1.15793;-1.83963;36;1.161;-1.83977;0.00306562;0.000139969
353;2.35438;-2.22497;32;2.35;-2.22546;0.00437822;0.000494087
354;6.44322;-1.76147;38;7.744;-1.77689;1.30078;0.0154221
355;5.14561;-2.28483;30;5.151;-2.2852;0.00538845;0.000366942
356;2.4244;-2.13039;28;2.426;-2.13041;0.00159565;1.59875e-05
357;6.0605;-2.00072;34;6.064;-2.001;0.0034973;0.000277388
358;0.104181;-1.60455;44;7.923;-1.64848;7.81882;0.0439257
359;2.13566;-1.71792;40;2.136;-1.71792;0.000335852;1.35161e-06
360;6.3027;-1.79887;34;6.307;-1.79894;0.00430345;6.85583e-05
361;3.71514;-2.14114;25;3.714;-2.14114;0.00114332;3.37671e-06
362;4.13918;-2.00887;28;7.43;-2.02233;3.29082;0.013464
363;6.128;-1.73548;42;8.711;-1.97628;2.583;0.240804
364;3.44869;-2.74081;26;3.455;-2.74133;0.00630842;0.000515629
365;6.01353;-2.03567;28;6.015;-2.03574;0.00146603;7.12216e-05
366;1.14365;-2.48757;34;1.142;-2.4876;0.00165278;2.56705e-05
367;2.57391;-2.04018;30;2.582;-2.04116;0.00808502;0.000982484
368;5.06106;-2.08928;28;5.057;-2.08944;0.0040624;0.000156749
369;6.34169;-2.92738;22;6.342;-2.92739;0.000307151;1.04182e-05
370;7;-1.29504;49;7.195;-1.8921;0.195;0.59706
371;4.8666;-2.55681;28;4.868;-2.55683;0.00140449;2.33292e-05
372;2.65888;-2.29879;23;2.655;-2.29909;0.00388275;0.00029557
373;4.66554;-1.86313;38;9.389;-2.37655;4.72346;0.513423
374;2.23955;-1.53706;75;8.937;-1.84925;6.69745;0.312188
375;4.87987;-2.33261;38;4.886;-2.33309;0.00613426;0.000476906
376;6.01119;-3.07955;36;6.014;-3.07964;0.00281056;9.48744e-05
377;0.317234;-2.76333;26;0.317;-2.76333;0.000233994;7.01267e-07
378;4.84247;-1.60914;50;7.439;-1.94691;2.59653;0.33777
379;0.409926;-2.58848;27;0.412;-2.58858;0.00207386;9.53105e-05
380;1.56102;-2.50129;28;1.56;-2.50132;0.00102206;2.94427e-05
381;6.2439;-1.9415;32;6.239;-1.9418;0.00489639;0.000299356
382;6.30446;-2.03196;30;6.305;-2.03197;0.000541717;1.474e-05
383;6.49638;-2.1777;23;9.568;-2.71923;3.07162;0.541531
384;4.88241;-2.07268;42;7.536;-3.01591;2.65359;0.943234
385;6.39514;-2.14911;38;6.397;-2.14918;0.00186236;6.53919e-05
386;6.27832;-1.83581;44;8.29;-2.56212;2.01168;0.726314
387;2.8966;-1.90053;28;2.898;-1.90057;0.00140191;4.41788e-05
388;5.6202;-2.41149;22;5.619;-2.41151;0.00120267;2.4032e-05
389;0.0843396;-1.88972;20;0.087;-1.88987;0.00266041;0.000151267
390;6.27592;-2.65123;22;6.276;-2.65125;8.27209e-05;1.50813e-05
391;2.74299;-1.22006;62;9.717;-2.50712;6.97401;1.28706
392;2.28798;-3.11757;28;2.283;-3.11784;0.00497919;0.000274057
393;1.07479;-2.08141;36;1.075;-2.0814;0.000207506;8.29538e-06
394;4.17236;-2.5711;24;4.174;-2.57113;0.00163742;2.90563e-05
395;1.2834;-2.09498;34;1.283;-2.09497;0.000399916;6.09475e-06
396;1.14606;-2.13392;28;1.149;-2.13404;0.00293669;0.000123758
397;2.30816;-2.10629;32;2.308;-2.10629;0.000159262;3.57497e-06
398;6.71846;-2.00412;44;6.724;-2.00418;0.00554424;6.22412e-05
399;1.31065;-1.72906;44;9.809;-1.95721;8.49835;0.228148
400;4.96343;-2.12245;40;4.96;-2.1225;0.00342741;5.00652e-05
401;0.717816;-1.78966;42;0.721;-1.78986;0.00318434;0.000196303
402;6.12099;-2.28903;36;6.118;-2.28921;0.00299118;0.000177842
403;1.40517;-3.0038;26;1.405;-3.0038;0.000172356;4.99473e-06
404;0.297872;-1.87236;36;0.3;-1.8725;0.00212816;0.000137607
405;2.59605;-2.73341;32;2.595;-2.73342;0.0010452;1.15089e-05
406;2.71996;-2.04589;44;2.719;-2.04591;0.000955003;2.32039e-05
407;0.217673;-3.3285;26;0.213;-3.3288;0.0046732;0.000296582
408;6.43404;-1.88015;40;8.506;-2.13354;2.07196;0.253395
409;3.64592;-2.02544;32;3.648;-2.02555;0.00208068;0.000114293
410;2.58217;-1.45041;42;8.784;-1.61276;6.20183;0.162347
411;1.93855;-1.50113;41;1.938;-1.50115;0.000548646;1.74314e-05
412;0.815533;-1.87034;29;0.815;-1.87034;0.000533375;4.4296e-06
413;5.07128;-2.05105;24;5.072;-2.05106;0.000720133;7.04082e-06
414;0.82211;-1.42771;53;8.287;-2.60908;7.46489;1.18137
415;2.32291;-1.81294;26;2.317;-1.81365;0.00591234;0.00070986
416;6.62313;-2.30059;27;6.619;-2.30089;0.00412903;0.000295151
417;0.835799;-2.85475;34;0.834;-2.8548;0.00179917;4.98069e-05
418;1.78645;-1.46818;46;8.425;-1.79115;6.63855;0.32297
419;0.510501;-1.92587;26;0.513;-1.92593;0.00249868;5.70341e-05
420;5.974;-1.86963;34;5.975;-1.86965;0.000998016;2.04477e-05
421;6.88468;-1.43345;36;6.883;-1.43347;0.00167976;1.51368e-05
422;7;-1.22541;40;8.928;-2.18314;1.928;0.95773
423;0.878303;-1.42991;32;8.982;-2.08894;8.1037;0.65903
424;2.81088;-3.00385;26;2.81;-3.00385;0.000877524;1.91636e-07
425;6.96942;-2.03514;30;6.968;-2.03516;0.0014177;1.73488e-05
426;5.09327;-2.56575;28;5.099;-2.56611;0.00572856;0.000364168
427;6.9008;-2.15287;31;8.696;-2.94939;1.7952;0.796516
428;6.03409;-2.52226;30;6.031;-2.52246;0.00309189;0.000197111
429;7;-1.76275;24;7.349;-2.75787;0.349;0.995121
430;6.90793;-1.19432;50;7.972;-3.75906;1.06407;2.56474
431;4.17899;-2.38087;28;4.179;-2.38087;8.65484e-06;3.06269e-06
432;0.737169;-1.88908;32;0.739;-1.8892;0.00183077;0.000118572
433;1.69714;-2.29667;25;1.698;-2.29667;0.000860583;8.66697e-07
434;7;-2.85863;17;7.141;-3.13871;0.141;0.280078
435;5.22041;-2.19558;27;5.222;-2.19563;0.00159142;5.04207e-05
436;1.82032;-1.89943;30;7.634;-2.77089;5.81368;0.871456
437;3.58665;-3.23757;24;3.583;-3.23785;0.00364931;0.000278324
438;7;-2.22949;21;7.146;-2.66558;0.146;0.436091
439;0.780497;-1.80911;28;0.784;-1.80928;0.00350267;0.000170296
440;0.540133;-2.9286;26;0.542;-2.92872;0.00186678;0.000115429
441;1.8036;-2.15513;30;1.8;-2.15531;0.00359594;0.000176436
442;4.77334;-2.0099;32;4.768;-2.0106;0.00533826;0.000697961
443;7;-2.25247;16;7.04;-2.27336;0.04;0.0208918
444;5.03161;-2.42031;30;5.035;-2.42042;0.00338959;0.000113081
445;3.07462;-2.07086;30;9.103;-2.67561;6.02838;0.604748
446;2.1848;-2.76035;26;2.183;-2.76041;0.00180215;5.66729e-05
447;4.34928;-1.98994;32;4.353;-1.99001;0.00372092;7.42087e-05
448;3.4541;-1.97033;44;3.452;-1.97034;0.00209886;1.41638e-05
449;0.753035;-2.79747;26;0.756;-2.79769;0.00296536;0.000221021
450;4.6182;-1.89952;32;8.905;-1.91135;4.2868;0.0118253
451;1.86962;-2.34131;38;1.87;-2.34132;0.000377359;8.37652e-06
452;0.808823;-1.28748;42;7.687;-2.20074;6.87818;0.913262
453;5.33779;-1.97998;26;5.334;-1.98031;0.00379269;0.00032887
454;2.37051;-1.29594;50;9.252;-2.26026;6.88149;0.964319
455;4.01409;-2.36735;25;4.012;-2.36746;0.00208647;0.000107598
456;6.44795;-2.15073;28;6.447;-2.15075;0.00095264;1.86017e-05
457;0.226121;-1.82654;31;0.222;-1.82683;0.00412056;0.000294983
458;6.28218;-2.27535;28;6.285;-2.2756;0.00282311;0.000246331
459;5.95118;-1.83988;32;8.415;-2.07302;2.46382;0.233137
460;2.37781;-2.26133;28;2.372;-2.26183;0.00580971;0.000500221
461;6.70898;-2.88977;22;6.707;-2.88984;0.00197586;6.89117e-05
462;1.73624;-1.71551;30;8.096;-2.23905;6.35976;0.523544
463;4.18921;-2.04726;38;4.191;-2.04728;0.001791;1.51278e-05
464;0.737389;-1.87963;30;0.733;-1.87992;0.0043888;0.000289883
465;4.61739;-1.78508;62;8.853;-2.19369;4.23561;0.408614
466;2.24175;-2.02255;29;2.239;-2.02265;0.00275316;9.55424e-05
467;4.55759;-3.72718;26;4.555;-3.72742;0.00258629;0.000244854
468;4.12715;-1.97695;32;7.993;-1.98418;3.86585;0.00723002
469;0.158096;-1.76287;34;8.253;-2.25813;8.0949;0.495265
470;5.3142;-1.96096;35;5.317;-1.96112;0.0027978;0.000161726
471;1.95208;-1.84733;26;1.956;-1.84748;0.00391561;0.00014719
472;1.7481;-2.0976;36;1.748;-2.09761;9.92192e-05;9.60688e-06
473;6.42726;-2.05598;29;6.426;-2.05602;0.00125582;4.4879e-05
474;6.98348;-2.53773;18;6.985;-2.53775;0.0015222;1.95876e-05
475;2.77604;-2.4878;28;2.782;-2.48817;0.00596261;0.000374012
476;0.131408;-2.18914;29;0.132;-2.18916;0.000591986;1.99581e-05
477;1.74933;-2.07129;32;8.654;-2.33376;6.90467;0.262473
478;0.62874;-1.07874;81;9.251;-2.89024;8.62226;1.8115
479;5.62753;-1.99516;28;5.625;-1.99531;0.00252722;0.000147394
480;2.06859;-3.03435;24;2.071;-3.03453;0.00241269;0.000182443
481;0.793814;-1.54826;40;0.789;-1.54841;0.00481367;0.000145038
482;6.30761;-2.42692;34;6.316;-2.42809;0.00839406;0.00116652
483;4.20903;-1.82706;29;4.21;-1.82706;0.000966082;2.26362e-06
484;6.19496;-2.04531;36;6.191;-2.04601;0.00396184;0.000697343
485;4.8479;-2.44257;26;4.843;-2.44293;0.00490188;0.000364761
486;6.85529;-1.55666;45;7.852;-1.97596;0.996706;0.419302
487;7;-1.26767;36;7.533;-2.29279;0.533;1.02512
488;6.00593;-3.0904;34;6.007;-3.09043;0.00107358;3.22594e-05
489;5.0694;-1.69943;43;9.539;-2.47992;4.4696;0.780494
490;2.58613;-1.44106;70;7.225;-2.45371;4.63887;1.01265
491;3.75602;-2.2693;26;3.754;-2.26934;0.00201566;4.30882e-05
492;0.669822;-2.61264;27;0.673;-2.61281;0.00317763;0.000170772
493;3.26605;-1.89683;30;7.886;-2.10951;4.61995;0.21268
494;5.7298;-1.73048;30;5.731;-1.73052;0.00119934;3.96076e-05
495;6.24403;-1.59148;40;7.971;-2.75153;1.72697;1.16005
496;5.1255;-2.74817;30;5.126;-2.74816;0.000500959;7.09428e-06
497;2.60661;-2.0186;28;9.429;-2.19989;6.82239;0.181291
498;3.89434;-2.72578;28;3.897;-2.72586;0.00266299;7.98082e-05
499;5.2016;-2.04325;26;5.2;-2.0433;0.00160415;4.91138e-05
500;2.40368;-2.65502;26;2.399;-2.65529;0.00468286;0.000272921
501;6.1051;-2.24091;26;6.103;-2.24098;0.00210429;6.9833e-05
502;6.43181;-1.35475;48;9.694;-1.85101;3.26219;0.496256
503;0.672487;-1.93559;36;0.671;-1.93563;0.00148663;3.5654e-05
504;3.57831;-1.99495;32;3.578;-1.99495;0.000307372;4.47966e-06
505;2.69908;-2.16785;38;2.697;-2.16791;0.00208473;6.15302e-05
506;3.62038;-1.50865;61;9.465;-3.01108;5.84462;1.50243
507;5.82909;-1.59928;38;5.831;-1.59936;0.00190629;8.00857e-05
508;1.78;-2.51502;22;1.776;-2.51536;0.00400006;0.000337698
509;2.30483;-2.7619;38;2.309;-2.76214;0.00417142;0.000238063
510;6.88745;-2.08702;34;6.889;-2.0871;0.00154506;8.20642e-05
511;5.47646;-1.97331;30;5.482;-1.97376;0.00553537;0.00045063
512;3.68007;-2.50269;24;3.683;-2.50281;0.00292537;0.000115134
513;4.89147;-1.71412;34;8.827;-1.86182;3.93553;0.147702
514;5.60604;-1.84742;31;7.321;-2.23997;1.71496;0.392554
515;1.0232;-1.78538;38;1.018;-1.78585;0.00519571;0.000470941
516;6.25832;-2.72057;26;6.251;-2.72227;0.00731872;0.00170109
517;4.33859;-3.16421;26;4.332;-3.1657;0.00659404;0.00148769
518;1.06461;-2.19962;30;1.067;-2.19974;0.00239391;0.00012113
519;4.55031;-2.49127;25;4.554;-2.49144;0.00368941;0.000173975
520;5.15053;-2.34581;29;5.155;-2.3462;0.00447444;0.000391245
521;1.44364;-1.75794;40;8.544;-2.63189;7.10036;0.873948
522;5.64559;-2.44519;32;5.645;-2.44518;0.000587229;1.30063e-05
523;6.29615;-2.38217;32;6.3;-2.38233;0.00385293;0.000160661
524;5.65439;-2.86221;24;5.653;-2.86232;0.00139212;0.000113088
525;4.90966;-1.10165;50;8.814;-1.59896;3.90434;0.497315
526;4.8525;-2.19541;35;4.854;-2.19543;0.00149758;1.99368e-05
527;3.67489;-2.4647;28;3.678;-2.46478;0.00311148;7.54737e-05
528;6.24404;-1.96437;28;6.242;-1.96452;0.002042;0.000146781
529;6.81477;-1.98282;26;6.815;-1.98283;0.000228603;7.71039e-06
530;0.55926;-1.89051;24;7.947;-2.23071;7.38774;0.340203
531;3.57125;-1.73372;28;3.566;-1.73401;0.0052546;0.000292601
532;5.21667;-2.10865;28;5.21;-2.10982;0.00666651;0.00117062
533;4.41926;-2.75323;27;4.414;-2.7542;0.00525694;0.000974925
534;6.8656;-1.50137;34;7.286;-1.55815;0.420396;0.0567758
535;0.396942;-1.7995;30;0.398;-1.79953;0.00105843;2.9591e-05
536;6.57786;-2.43858;20;6.578;-2.43859;0.00013838;9.08088e-06
537;2.6955;-1.71614;34;2.693;-1.71617;0.00250038;2.5349e-05
538;5.20034;-1.88528;30;5.201;-1.88529;0.00066042;6.62767e-06
539;5.17742;-2.56055;20;5.174;-2.56087;0.00342324;0.000322508
540;3.99182;-2.23244;29;3.988;-2.23265;0.00381973;0.000206499
541;0.15388;-1.9077;28;0.155;-1.90774;0.00112005;4.0258e-05
542;1.51345;-1.78617;46;7.969;-2.71149;6.45555;0.925325
543;7;-1.46274;42;8.025;-1.71188;1.025;0.249138
544;3.6575;-1.77826;28;3.657;-1.77825;0.000495981;1.10695e-05
545;6.55976;-1.50722;46;8.585;-1.79333;2.02524;0.286112
546;2.2691;-1.83176;48;2.269;-1.83175;9.59733e-05;6.24439e-06
547;2.97281;-2.12561;40;7.748;-2.69575;4.77519;0.570139
548;3.81948;-2.26888;31;3.814;-2.26982;0.00547548;0.000941077
549;5.34245;-1.89928;28;7.433;-2.47299;2.09055;0.573709
550;0.0855035;-2.10021;27;0.089;-2.10042;0.00349647;0.000207101
551;2.27588;-1.6407;44;8.864;-2.5427;6.58812;0.902
552;3.12451;-2.68759;20;3.12;-2.68779;0.00450706;0.000203537
553;4.16541;-3.26805;20;4.166;-3.26805;0.00058577;2.81832e-06
554;0.399816;-2.40799;26;0.406;-2.40843;0.00618384;0.000435294
555;1.03837;-3.49008;26;1.042;-3.49062;0.00362552;0.000539993
556;6.20893;-1.74151;24;6.21;-1.74153;0.00107129;1.85353e-05
557;6.08576;-2.05468;34;6.086;-2.05469;0.000238895;1.1058e-05
558;3.49812;-2.0331;32;3.498;-2.03309;0.000121679;5.69459e-06
559;4.44316;-3.51876;20;4.446;-3.51886;0.00283952;0.000103839
560;1.94786;-2.59891;32;1.955;-2.59942;0.00714271;0.000510369
561;3.75986;-1.91693;34;7.326;-2.16136;3.56614;0.244427
562;1.67244;-1.88162;30;1.674;-1.88164;0.00155607;2.29514e-05
563;3.81859;-1.74757;30;8.859;-1.93968;5.04041;0.192106
564;2.47184;-1.46442;32;2.475;-1.46446;0.00316084;3.96587e-05
565;1.95048;-2.7267;22;1.953;-2.72681;0.00252013;0.000111057
566;4.96132;-2.89442;28;4.966;-2.8947;0.00468035;0.000278379
567;5.43555;-2.22573;32;5.434;-2.22574;0.00155332;1.4137e-05
568;4.8313;-2.85258;43;4.83;-2.85259;0.00130179;1.15049e-05
569;6.40044;-2.50094;32;6.401;-2.50095;0.000558342;6.43203e-06
570;1.355;-1.72466;57;1.351;-1.72492;0.00399655;0.000257963
571;3.3069;-2.04981;26;3.309;-2.04988;0.00210029;7.45187e-05
572;3.69893;-1.37536;38;8.664;-2.32435;4.96507;0.948992
573;6.1491;-1.72804;38;9.875;-1.77192;3.7259;0.0438759
574;3.57414;-2.25741;42;3.572;-2.25745;0.00213841;3.88555e-05
575;3.72474;-2.39391;29;3.721;-2.39401;0.00373725;0.000103201
576;6.49598;-1.96147;40;6.5;-1.96177;0.00402278;0.000295587
577;5.51667;-1.84882;24;5.519;-1.84889;0.00233251;6.99261e-05
578;1.26524;-1.73266;33;8.353;-1.98981;7.08776;0.257148
579;6.4193;-2.0049;26;6.416;-2.00516;0.0032972;0.000256988
580;6.88771;-1.81159;56;8.338;-2.08396;1.45029;0.272368
581;4.28147;-2.24578;30;4.283;-2.2458;0.00152757;1.63605e-05
582;3.76353;-1.90398;26;7.992;-2.85363;4.22847;0.949648
583;2.35718;-2.12468;34;2.353;-2.12505;0.00417798;0.000365667
584;6.11601;-2.07457;30;6.117;-2.0746;0.000990006;3.42241e-05
585;5.0504;-2.08206;28;5.049;-2.08213;0.00139735;6.87834e-05
586;6.25437;-2.75296;26;6.255;-2.75296;0.000633803;1.51855e-06
587;7;-1.49608;24;7.313;-1.5406;0.313;0.0445207
588;2.35526;-2.20707;25;2.352;-2.20719;0.00326223;0.00011573
589;5.21742;-2.30151;30;5.216;-2.30159;0.00141802;7.53349e-05
590;6.91261;-2.24177;31;6.916;-2.24194;0.00338833;0.000170114
591;2.78655;-2.04235;30;8.984;-2.06712;6.19745;0.024768
592;3.20006;-2.05375;45;3.2;-2.05375;6.04214e-05;2.17637e-06
593;4.95069;-1.48483;46;9.849;-1.81568;4.89831;0.330854
594;3.78259;-2.44247;31;3.784;-2.44253;0.00140847;6.14714e-05
595;7;-1.6717;44;7.695;-2.85225;0.695;1.18055
596;5.39382;-1.39964;46;9.024;-2.02101;3.63018;0.621373
597;4.94515;-2.18297;28;4.942;-2.18313;0.00315128;0.000160476
598;2.10812;-1.78811;35;2.108;-1.7881;0.000116724;1.466e-05
599;4.33504;-1.4091;56;9.536;-2.11115;5.20096;0.702053
600;1.06451;-2.03555;30;1.066;-2.0356;0.00149332;5.49758e-05
601;5.39136;-2.83902;28;5.392;-2.83903;0.000643171;5.63042e-06
602;7;-1.75677;24;9.38;-1.76312;2.38;0.00634735
603;4.57153;-1.90314;26;4.57;-1.90318;0.00152986;4.19628e-05
604;2.7113;-1.88679;32;2.719;-1.88771;0.0077041;0.000917022
605;5.80813;-1.63885;38;7.698;-2.06757;1.88987;0.428718
606;5.76023;-2.73618;28;5.763;-2.7364;0.00276692;0.000216118
607;6.82228;-1.99474;39;6.823;-1.99476;0.000716116;2.33813e-05
608;4.56505;-2.20342;29;4.565;-2.20342;4.97639e-05;9.27897e-07
609;4.90741;-2.77825;22;4.908;-2.77824;0.000585461;6.64714e-06
610;4.99261;-2.46526;24;4.988;-2.46551;0.00460764;0.000247725
611;6.8181;-1.41752;34;7.507;-2.18421;0.688895;0.76669
612;6.82328;-1.75777;34;6.824;-1.75776;0.000717739;5.71531e-06
613;1.40671;-2.5336;28;1.406;-2.53361;0.00071278;7.83088e-06
614;0.467001;-2.30505;23;0.466;-2.30507;0.00100096;1.95002e-05
615;0.413607;-2.77182;29;0.411;-2.7719;0.00260749;7.55962e-05
616;5.52329;-1.66426;34;9.959;-1.83566;4.43571;0.171398
617;5.65205;-2.12517;28;5.651;-2.12516;0.00104591;6.09265e-06
618;1.73863;-2.36719;27;1.742;-2.36734;0.00336573;0.000153108
619;6.24409;-1.94619;31;9.774;-2.48144;3.52991;0.535255
620;3.38188;-2.04686;28;3.385;-2.04699;0.00312352;0.000126873
621;4.73533;-2.29507;28;4.731;-2.29537;0.00433087;0.000304573
622;3.10906;-2.0848;29;3.109;-2.0848;5.92526e-05;3.87252e-06
623;0.23836;-2.24909;30;0.24;-2.24917;0.00163984;7.61886e-05
624;5.90488;-2.0694;26;5.902;-2.06956;0.00288124;0.000162507
625;5.8037;-2.36788;24;5.804;-2.36788;0.000300684;1.95729e-08
626;5.31613;-2.16173;24;5.314;-2.16181;0.00213251;7.63501e-05
627;6.95231;-1.88713;30;6.956;-1.88721;0.00369287;8.176e-05
628;5.16665;-2.84278;28;5.167;-2.84278;0.000346485;2.79558e-06
629;3.29909;-2.94745;35;3.294;-2.94763;0.00508677;0.000175979
630;6.0069;-2.6233;24;6.005;-2.62337;0.00189901;7.46715e-05
631;5.13852;-2.66367;21;5.142;-2.66397;0.00347716;0.000296422
632;3.63015;-1.97276;36;3.633;-1.97282;0.0028507;6.44074e-05
633;1.32361;-1.89293;28;1.323;-1.89293;0.000607663;1.27599e-07
634;5.91969;-1.61854;50;7.573;-3.52951;1.65331;1.91097
635;4.73936;-2.67716;26;4.741;-2.67726;0.00163708;0.000102673
636;2.74492;-2.08914;34;2.745;-2.08915;8.27548e-05;6.16828e-06
637;1.89759;-1.76364;36;9.031;-1.98808;7.13341;0.224445
638;5.78405;-2.93816;30;5.785;-2.93817;0.000951136;9.7465e-06
639;6.85331;-1.86256;30;6.853;-1.86256;0.000312504;2.47743e-06
640;1.54336;-2.51911;28;1.545;-2.51913;0.00163887;1.67305e-05
641;6.77206;-2.15737;32;6.771;-2.15737;0.00106385;2.20897e-06
642;1.06313;-1.88318;56;7.225;-2.28427;6.16187;0.401092
643;5.14948;-2.60774;25;5.145;-2.60813;0.00447804;0.000386855
644;5.8662;-1.8428;34;5.86;-1.84361;0.00619727;0.000813524
645;1.35606;-1.84952;30;1.359;-1.84961;0.00293541;9.02652e-05
646;0.808818;-1.84585;26;7.939;-1.91905;7.13018;0.0732027
647;5.64433;-2.04911;28;5.646;-2.04915;0.00166802;3.75274e-05
648;2.70726;-1.25313;98;7.344;-2.7902;4.63674;1.53707
649;3.0354;-2.11746;26;3.036;-2.11747;0.000596925;1.36427e-05
650;0.0719304;-1.71107;26;0.069;-1.7112;0.00293039;0.00012761
651;6.03244;-1.03514;66;9.862;-2.65594;3.82956;1.6208
652;2.43434;-1.78069;42;9.122;-1.8964;6.68766;0.115712
653;0.892505;-1.93505;30;0.897;-1.93532;0.00449461;0.000267835
654;2.36503;-2.11169;33;2.365;-2.11169;2.93147e-05;1.16302e-06
655;0.962641;-1.94078;36;8.435;-2.05435;7.47236;0.11357
656;5.54001;-2.09425;33;5.538;-2.09431;0.00201463;5.63538e-05
657;7;-2.82928;20;7.046;-2.90448;0.046;0.0752019
658;1.08882;-1.92276;52;9.556;-2.87441;8.46718;0.951653
659;5.85603;-1.88265;38;5.856;-1.88263;2.67623e-05;1.83757e-05
660;4.34488;-2.68607;26;4.344;-2.6861;0.000879302;2.6674e-05
661;6.34845;-2.5514;26;6.35;-2.55144;0.0015495;4.33394e-05
662;1.39429;-2.1208;42;1.395;-2.12083;0.00070624;3.30976e-05
663;2.57939;-2.67697;32;2.58;-2.67696;0.000607509;5.58813e-06
664;6.47081;-2.28212;24;7.278;-2.30638;0.807192;0.0242586
665;6.3387;-2.78278;20;6.34;-2.7828;0.0012959;1.67841e-05
666;2.47466;-2.19038;30;2.474;-2.19038;0.000657807;1.38544e-06
667;0.459652;-2.28542;29;0.458;-2.28547;0.00165177;5.14762e-05
668;1.58443;-2.12478;28;1.588;-2.12491;0.00357465;0.00012911
669;4.02355;-3.06961;27;4.026;-3.06988;0.00244562;0.000271189
670;2.78022;-2.01217;32;2.774;-2.01304;0.00622109;0.00086796
671;2.37012;-4.05523;31;2.366;-4.0554;0.00412464;0.000172873
672;5.1759;-3.27589;22;5.175;-3.2759;0.000902316;1.20019e-05
673;5.9412;-1.5357;42;8.132;-1.75886;2.1908;0.223161
674;6.23128;-1.49937;37;6.228;-1.49946;0.00328386;9.4961e-05
675;6.46094;-2.05651;24;6.463;-2.05656;0.00206455;4.82557e-05
676;0.658223;-2.82255;20;0.657;-2.82259;0.00122336;4.1273e-05
677;1.56386;-1.68213;32;7.3;-1.85879;5.73614;0.176657
678;3.44841;-2.57961;26;3.451;-2.57968;0.0025867;7.27591e-05
679;5.21476;-2.0223;30;5.219;-2.02244;0.00423507;0.00014307
680;2.09035;-3.11632;20;2.097;-3.11702;0.00665038;0.000696276
681;5.82396;-1.83461;29;8.482;-1.96954;2.65804;0.134928
682;4.94028;-2.04608;28;4.944;-2.04634;0.00372165;0.000258175
683;4.94002;-2.07999;29;4.939;-2.07998;0.00101717;7.89594e-06
684;5.36065;-2.99888;28;5.357;-2.99908;0.00365429;0.000196291
685;3.78269;-2.50116;30;3.778;-2.50161;0.00468642;0.00045352
686;6.49648;-3.53567;22;6.497;-3.53567;0.000515235;2.66697e-07
687;4.06315;-1.85998;33;4.059;-1.86014;0.00415389;0.00016119
688;2.09938;-1.94412;28;2.098;-1.94413;0.00137624;1.22124e-05
689;5.53286;-2.05357;42;5.527;-2.05393;0.005864;0.000355681
690;2.87847;-2.66315;26;2.88;-2.6632;0.00152522;4.67295e-05
691;2.84473;-2.86245;26;2.841;-2.86295;0.00372857;0.000501734
692;2.06858;-1.52754;34;2.073;-1.52766;0.00441554;0.000124289
693;3.6107;-1.76794;30;8.82;-1.849;5.2093;0.0810644
694;4.19121;-1.82743;32;4.194;-1.82753;0.00278514;0.000101941
695;1.75641;-2.85033;24;1.759;-2.85041;0.0025924;8.44332e-05
696;0.755927;-1.69694;32;0.754;-1.697;0.00192719;6.23717e-05
697;4.71651;-1.61258;35;4.718;-1.61261;0.0014876;3.28217e-05
698;0.585284;-2.12529;34;0.59;-2.12553;0.00471636;0.000236742
699;3.41449;-2.16293;44;3.416;-2.16293;0.00150837;8.57089e-07
700;1.09267;-1.86219;30;1.093;-1.86218;0.000332765;6.71919e-06
701;1.3654;-1.26197;38;8.739;-1.38351;7.3736;0.121544
702;1.36791;-2.89349;28;1.373;-2.89414;0.00508519;0.000645765
703;2.00182;-3.56962;24;2.009;-3.57061;0.00718043;0.000990823
704;0.905253;-3.08769;32;0.91;-3.08786;0.00474704;0.000165421
705;6.90742;-2.5722;26;6.905;-2.57241;0.00241784;0.000209121
706;5.30712;-1.89237;28;5.311;-1.89271;0.00388168;0.000337101
707;3.11576;-1.70704;36;3.125;-1.70805;0.00924149;0.00101259
708;0.528917;-1.66567;56;8.06;-2.15325;7.53108;0.487578
709;4.64703;-1.99364;29;4.645;-1.99372;0.00203122;8.05395e-05
710;7;-2.02063;25;8.4;-2.68372;1.4;0.663086
711;4.07055;-1.89936;28;4.063;-1.90086;0.0075527;0.00150209
712;3.7887;-3.20855;27;3.783;-3.20918;0.00570187;0.000628161
713;0.124542;-1.75143;38;7.963;-2.68274;7.83846;0.931313
714;3.64991;-2.1026;24;3.655;-2.10315;0.00509454;0.000545888
715;5.73578;-2.2217;29;5.739;-2.22189;0.00322219;0.000185863
716;0.238176;-2.00897;27;9.333;-2.33349;9.09482;0.324521
717;5.99992;-2.48833;34;5.996;-2.48847;0.00391776;0.000139039
718;1.52345;-2.23008;33;1.521;-2.23012;0.00244566;4.47165e-05
719;1.99474;-2.22405;38;1.996;-2.22404;0.00126037;1.20363e-05
720;5.39557;-2.34563;36;5.401;-2.34628;0.00542589;0.000646553
721;5.97914;-1.78766;46;8.132;-1.92797;2.15286;0.140308
722;1.43404;-2.23411;37;1.431;-2.23418;0.00304303;7.05462e-05
723;2.23098;-2.09068;27;7.443;-2.42862;5.21202;0.337944
724;4.17483;-1.89569;28;4.166;-1.89671;0.00883439;0.00101611
725;3.38686;-2.74307;26;3.385;-2.7431;0.00185772;2.50727e-05
726;4.77302;-1.86831;28;4.774;-1.86833;0.000976521;2.27401e-05
727;3.49527;-2.10616;30;3.491;-2.10638;0.00427069;0.000224462
728;2.44686;-2.39559;32;2.444;-2.3958;0.00285512;0.000213721
729;5.8887;-3.61378;22;5.881;-3.61545;0.00770464;0.001673
730;1.19247;-1.9375;36;1.195;-1.93754;0.00252892;4.14282e-05
731;4.64448;-1.69123;42;4.64;-1.69136;0.00448428;0.000134906
732;3.47441;-1.32448;48;3.475;-1.32449;0.000588189;6.67613e-06
733;3.34311;-2.02754;28;3.339;-2.02775;0.00410984;0.000214985
734;2.44126;-2.07813;31;2.439;-2.07823;0.00225581;0.00010024
735;4.05957;-2.97746;24;4.068;-2.98055;0.00843014;0.00309254
736;2.66646;-1.91181;36;2.666;-1.91182;0.000458845;1.47068e-05
737;7;-2.06889;28;7.072;-2.20259;0.072;0.133696
738;6.60916;-1.92597;45;8.971;-2.22996;2.36184;0.303994
739;4.46937;-2.36947;30;4.468;-2.36951;0.00136845;3.75294e-05
740;2.97569;-1.85041;30;7.763;-2.02113;4.78731;0.17072
741;2.27555;-1.63435;28;8.187;-1.72947;5.91145;0.0951202
742;5.37253;-2.79693;28;5.372;-2.79694;0.000530046;1.48282e-05
743;7;-2.05344;22;7.026;-2.06828;0.026;0.0148369
744;1.54723;-1.98254;28;8.4;-2.36488;6.85277;0.38234
745;4.42654;-1.97314;36;4.42;-1.97373;0.00654122;0.000586581
746;4.20585;-1.94969;26;4.207;-1.94968;0.00114937;5.11591e-06
747;0.403147;-1.90593;33;0.406;-1.90613;0.00285291;0.000198723
748;6.39687;-1.0737;56;8.534;-2.73043;2.13713;1.65673
749;3.65911;-1.53238;30;3.668;-1.5337;0.00889435;0.00132258
750;2.93604;-2.21881;30;2.936;-2.21881;3.84035e-05;4.7717e-06
751;5.01973;-2.01905;30;5.017;-2.01927;0.00272528;0.0002202
752;7;-1.83444;22;7.007;-1.83526;0.007;0.000822906
753;5.49534;-2.36457;25;5.499;-2.36481;0.00365842;0.000236039
754;6.96524;-2.49867;38;6.966;-2.49867;0.000758421;4.47853e-06
755;6.42996;-1.79157;42;8.812;-1.97913;2.38204;0.18756
756;4.43884;-2.24773;30;4.436;-2.24789;0.00284016;0.000164713
757;0.407407;-2.73305;23;0.411;-2.7333;0.00359257;0.000251922
758;5.44296;-2.4325;26;5.437;-2.433;0.00595702;0.000497692
759;6.55237;-1.16421;52;8.533;-2.82366;1.98063;1.65945
760;3.50135;-1.9885;28;8.93;-2.32915;5.42865;0.340653
761;5.64549;-1.58587;58;9.511;-1.87868;3.86551;0.292813
762;2.88956;-2.06953;33;2.886;-2.06964;0.0035632;0.000113936
763;1.65552;-2.30517;25;1.656;-2.30518;0.000480974;9.42313e-06
764;0.711709;-2.71134;30;0.715;-2.71147;0.00329069;0.0001292
765;0.870161;-1.88503;40;0.87;-1.88503;0.000161191;1.5901e-07
766;1.08637;-2.41425;23;1.084;-2.41429;0.00237195;3.72539e-05
767;0.714303;-3.41487;29;0.718;-3.4156;0.00369736;0.000731834
768;7;-1.63748;32;7.455;-2.44974;0.455;0.812265
769;3.80407;-1.91892;36;3.8;-1.91914;0.00406751;0.000216588
770;4.11486;-2.46858;28;8.966;-2.67845;4.85114;0.20987
771;1.33435;-2.40661;22;1.333;-2.40665;0.00135441;3.52013e-05
772;1.64588;-1.79985;39;9.21;-2.0627;7.56412;0.262846
773;3.25278;-3.16586;26;3.256;-3.16594;0.0032214;7.52788e-05
774;6.33783;-1.75108;31;7.212;-1.92147;0.874167;0.170391
775;6.34192;-1.97007;32;6.342;-1.97007;7.94222e-05;4.52047e-06
776;5.60255;-1.75033;42;5.599;-1.75041;0.00355299;7.64084e-05
777;1.02009;-2.79812;24;1.028;-2.7993;0.00791056;0.00118322
778;4.02147;-1.59225;74;9.817;-1.96586;5.79553;0.373606
779;2.004;-1.50541;44;2.003;-1.50542;0.00100088;7.29129e-06
780;1.09137;-1.84102;32;1.098;-1.84174;0.00662832;0.000722705
781;6.67604;-2.63089;22;6.678;-2.63092;0.00196199;2.91373e-05
782;1.82814;-1.3954;68;9.526;-2.69337;7.69786;1.29797
783;6.5031;-1.85665;27;9.366;-1.85884;2.8629;0.00218838
784;0.317777;-2.25537;38;0.319;-2.25536;0.001223;7.7755e-06
785;5.50477;-2.59591;34;5.506;-2.59592;0.00123191;1.00988e-05
786;6.0996;-2.02421;30;6.096;-2.0245;0.00360384;0.000287037
787;0.930415;-1.88338;35;0.926;-1.88372;0.00441475;0.000341874
788;5.28975;-3.25797;36;5.285;-3.2582;0.00475469;0.000229755
789;2.13738;-1.65947;28;2.141;-1.6596;0.00361982;0.000129431
790;2.24794;-2.57611;27;2.245;-2.57629;0.00294123;0.000178331
791;3.78539;-2.41755;32;3.781;-2.41772;0.00438946;0.000169725
792;5.36303;-2.87181;26;5.36;-2.87213;0.00303114;0.000317391
793;4.37235;-2.1496;30;4.37;-2.14968;0.00235081;7.77291e-05
794;6.4768;-1.91268;30;6.477;-1.91269;0.000196167;5.06183e-06
795;1.08745;-1.77037;37;1.084;-1.77061;0.00344722;0.000240761
796;1.26372;-2.17733;34;1.266;-2.17741;0.00227615;8.20791e-05
797;5.34301;-1.88541;28;5.343;-1.88541;1.11852e-05;3.1511e-06
798;6.31373;-1.31875;60;7.537;-1.89155;1.22327;0.572796
799;2.44155;-1.71641;35;2.442;-1.71642;0.000450835;1.11106e-05
800;5.85006;-1.32765;54;7.913;-1.75462;2.06294;0.426967
801;6.10694;-1.73769;26;9.193;-1.79322;3.08606;0.0555321
802;7;-2.97314;15;7.061;-3.02446;0.061;0.0513154
803;5.78337;-2.50266;24;5.791;-2.503;0.00763426;0.000343238
804;2.40228;-2.64541;26;2.397;-2.64602;0.00528257;0.000607125
805;4.87498;-1.62048;34;8.524;-2.27108;3.64902;0.650603
806;5.83738;-2.42209;25;5.837;-2.42209;0.000380495;2.89443e-06
807;1.61045;-1.7427;28;1.602;-1.74396;0.0084518;0.00125531
808;2.57605;-1.87488;36;2.58;-1.87498;0.00394957;0.000100504
809;4.89762;-1.92107;46;9.32;-3.14391;4.42238;1.22284
810;2.07472;-1.98207;30;2.075;-1.98207;0.000283508;8.70003e-07
811;3.60772;-2.6075;22;3.603;-2.60801;0.00472328;0.000505621
812;6.6676;-1.40548;54;9.547;-1.51046;2.8794;0.104981
813;0.590113;-2.739;24;0.591;-2.739;0.000887482;2.9668e-07
814;7;-2.10143;23;7.3;-3.05214;0.3;0.950707
815;0.119875;-1.87444;26;8.898;-2.12861;8.77812;0.254168
816;0.614635;-2.26359;36;0.614;-2.26359;0.000635076;1.99837e-06
817;2.60181;-2.66751;28;2.605;-2.66765;0.00319426;0.000138957
818;3.30072;-1.89376;27;3.298;-1.8939;0.00271966;0.000140587
819;2.39557;-1.83693;36;2.393;-1.83701;0.00257423;7.54447e-05
820;6.02243;-2.28366;25;6.022;-2.28368;0.000430964;1.54559e-05
821;1.86774;-2.05315;31;1.869;-2.05318;0.00125967;2.76412e-05
822;5.18604;-1.20602;66;8.118;-3.37204;2.93196;2.16602
823;2.49822;-1.74118;28;9.219;-1.86236;6.72078;0.121178
824;1.17033;-2.06028;34;1.169;-2.06032;0.00132636;4.11327e-05
825;4.67798;-2.61916;27;4.674;-2.61974;0.00397821;0.000576854
826;2.07917;-2.9939;25;2.083;-2.99417;0.00383237;0.000268286
827;0.369957;-1.92739;30;9.859;-2.43121;9.48904;0.503824
828;0.585484;-2.29505;38;0.587;-2.29507;0.00151581;1.72082e-05
829;5.25313;-2.0756;26;5.25;-2.07583;0.00313192;0.000233093
830;4.01522;-1.81706;30;8.814;-1.93486;4.79878;0.117798
831;4.47366;-1.9999;38;4.473;-1.9999;0.000658356;4.34875e-06
832;5.82731;-1.76733;50;9.562;-1.91359;3.73469;0.146262
833;3.75838;-1.68689;38;9.523;-1.87119;5.76462;0.184304
834;2.56348;-1.71906;40;9.897;-1.80428;7.33352;0.0852207
835;2.00851;-2.0622;27;2.008;-2.0622;0.000511102;8.38349e-08
836;4.74273;-1.96159;30;4.742;-1.96158;0.000734068;1.10399e-05
837;1.46408;-2.03688;38;1.46;-2.03717;0.00408169;0.000293266
838;3.20935;-2.124;26;8.178;-2.32264;4.96865;0.198644
839;5.73048;-1.52684;44;5.73;-1.52684;0.000477351;3.79685e-06
840;6.63666;-2.07937;32;7.683;-2.65383;1.04634;0.574462
841;3.21821;-2.75316;28;3.22;-2.75321;0.00178969;5.35698e-05
842;6.77265;-1.54696;36;9.697;-1.70295;2.92435;0.155995
843;0.411133;-1.52658;38;0.414;-1.52666;0.00286729;7.93296e-05
844;2.98812;-2.96009;26;2.997;-2.96123;0.00887644;0.00114138
845;2.73458;-2.23177;32;2.741;-2.23213;0.00642345;0.000360785
846;0.364519;-1.83967;27;0.364;-1.83966;0.000518965;1.12038e-05
847;4.69379;-1.76302;34;4.693;-1.76303;0.000789342;1.14298e-05
848;2.70038;-2.11722;28;2.701;-2.11724;0.000620929;2.27044e-05
849;0.599809;-1.82438;24;0.599;-1.82438;0.000808721;3.8266e-06
850;5.60637;-2.69645;23;5.608;-2.69651;0.00163163;6.34778e-05
851;5.68369;-2.60302;32;5.678;-2.60319;0.00569077;0.000171611
852;2.66691;-2.89608;23;2.671;-2.8966;0.0040901;0.000521329
853;5.14522;-2.11765;38;5.144;-2.11766;0.00122256;1.38175e-05
854;3.04275;-2.93821;26;3.039;-2.93871;0.00375247;0.000503037
855;6.35766;-2.13201;24;6.356;-2.13206;0.00165958;4.61679e-05
856;1.58181;-2.53186;27;1.586;-2.53205;0.00418719;0.000189441
857;6.14168;-2.50928;34;6.145;-2.50935;0.00332058;6.59778e-05
858;6.77415;-1.87381;40;8.244;-2.20017;1.46985;0.32636
859;3.68285;-1.69416;34;3.679;-1.69441;0.0038542;0.000253172
860;4.63484;-2.07271;38;4.634;-2.07271;0.0008385;2.66058e-06
861;1.3951;-1.8477;30;7.172;-2.11862;5.7769;0.270921
862;3.16034;-1.88628;39;3.161;-1.88629;0.000656833;1.45329e-05
863;1.4313;-2.18404;36;1.428;-2.18422;0.00329656;0.000183949
864;4.18373;-1.55152;52;8.181;-3.42514;3.99727;1.87362
865;7;-2.513;19;7.13;-2.73171;0.13;0.218713
866;5.81589;-1.76663;24;7.705;-1.91335;1.88911;0.146719
867;6.19688;-2.2226;26;6.2;-2.22286;0.00311747;0.00026353
868;3.87185;-2.03744;36;3.872;-2.03745;0.000153988;8.58186e-06
869;6.70382;-2.72724;26;6.7;-2.72754;0.00382285;0.000299916
870;6.72951;-1.04648;48;9.217;-1.92001;2.48749;0.873528
871;6.33065;-1.21885;32;9.018;-2.22573;2.68735;1.00688
872;1.10972;-1.97303;30;1.111;-1.97307;0.00128223;4.3654e-05
873;4.42022;-2.07192;26;4.42;-2.07192;0.000217619;2.77964e-06
874;0.915801;-2.12068;35;0.914;-2.12073;0.00180089;4.8327e-05
875;0.737265;-2.31752;28;0.734;-2.31786;0.00326519;0.000335957
876;6.27739;-1.98772;31;6.275;-1.98781;0.0023868;8.60432e-05
877;3.69487;-1.86387;28;3.699;-1.8641;0.00413281;0.00022602
878;4.78861;-1.9273;33;7.697;-2.157;2.90839;0.229698
879;3.88254;-2.55064;27;3.884;-2.55068;0.00146023;4.0179e-05
880;6.25638;-2.14419;30;6.26;-2.1444;0.00361543;0.000210127
881;1.30636;-2.32847;30;1.303;-2.32853;0.0033608;6.32154e-05
882;6.77426;-1.82507;30;7.479;-2.02407;0.704738;0.199
883;1.94368;-1.89891;30;9.606;-1.91454;7.66232;0.0156312
884;1.21785;-2.29994;26;8.753;-2.33067;7.53515;0.0307295
885;1.64647;-1.65915;58;1.643;-1.65918;0.0034742;3.17198e-05
886;4.01035;-2.55025;28;4.014;-2.55045;0.00365333;0.000200288
887;5.78789;-2.03013;28;5.789;-2.03015;0.00111357;2.24009e-05
888;3.33409;-2.51263;30;3.338;-2.5128;0.00390774;0.000165048
889;3.68412;-1.42167;64;9.155;-1.93814;5.47088;0.51647
890;1.62551;-1.78957;44;7.595;-2.46857;5.96949;0.678999
891;2.40496;-1.77024;30;2.408;-1.77029;0.00303919;4.99919e-05
892;5.39155;-2.07913;26;5.391;-2.07914;0.000546499;5.88023e-06
893;1.78385;-2.99131;30;1.781;-2.99147;0.00284727;0.000163749
894;5.17442;-1.97433;33;5.174;-1.97433;0.000423301;4.3902e-06
895;1.85368;-3.94992;24;1.851;-3.95021;0.00268473;0.000287818
896;0.660332;-1.8909;26;8.257;-2.41329;7.59667;0.522389
897;2.4608;-2.02739;27;2.464;-2.02764;0.00319878;0.000248
898;7;-1.84336;22;7.362;-2.0677;0.362;0.22434
899;3.85759;-1.25877;58;9.413;-1.7416;5.55541;0.482832
900;0.364103;-1.738;41;0.368;-1.73831;0.00389746;0.000309424
901;5.8043;-2.11607;26;5.803;-2.11613;0.00130023;6.23766e-05
902;5.70488;-2.4232;27;5.707;-2.42327;0.00212292;6.76479e-05
903;4.86991;-1.77369;34;4.873;-1.77383;0.00309254;0.000143079
904;3.11076;-1.75398;44;3.112;-1.754;0.0012353;2.4433e-05
905;6.18156;-1.99256;30;6.18;-1.9926;0.00156399;3.99056e-05
906;5.60785;-2.07684;24;8.243;-2.21458;2.63515;0.137736
907;5.88027;-3.3128;26;5.888;-3.31469;0.00773053;0.00188683
908;6.10385;-2.0457;44;6.098;-2.04581;0.00584613;0.000108305
909;6.66143;-1.34276;44;7.56;-1.88466;0.898569;0.541898
910;6.79663;-2.21395;30;7.278;-2.41434;0.481365;0.200394
911;5.59376;-2.83983;22;5.594;-2.83983;0.000242758;4.90273e-06
912;2.06994;-1.21577;41;9.325;-1.33276;7.25506;0.116993
913;3.9636;-1.71952;36;7.768;-2.80585;3.8044;1.08633
914;3.96062;-3.27566;26;3.961;-3.27565;0.000382409;7.9943e-06
915;3.33299;-2.19093;30;3.329;-2.19136;0.00399441;0.00043097
916;2.39694;-2.05755;28;2.395;-2.05765;0.0019432;0.000101653
917;5.76889;-1.98868;28;5.771;-1.98881;0.00210649;0.000126329
918;0.55294;-1.81074;27;0.553;-1.81074;6.00185e-05;1.12179e-06
919;7;-2.04785;24;7.023;-2.05204;0.023;0.0041856
920;1.99543;-2.62794;29;1.992;-2.62812;0.00343102;0.000182461
921;6.79588;-2.16973;28;6.795;-2.16974;0.000881031;6.66089e-06
922;6.75486;-1.87196;36;6.758;-1.87204;0.0031358;7.63935e-05
923;4.60682;-1.78004;32;4.605;-1.78011;0.00182079;6.74208e-05
924;5.73992;-2.65693;30;5.738;-2.65708;0.00191743;0.000146543
925;4.39595;-1.31254;52;9.317;-2.22929;4.92105;0.916754
926;5.50807;-1.96241;38;5.506;-1.96245;0.00206708;4.10921e-05
927;5.87058;-2.84362;26;5.876;-2.84457;0.00542069;0.000952077
928;4.79351;-2.23435;42;4.795;-2.23438;0.00148974;2.76863e-05
929;2.08233;-1.64791;30;2.082;-1.64793;0.000325473;1.54203e-05
930;4.42387;-2.55861;32;4.427;-2.55884;0.00313248;0.000233995
931;2.00906;-2.2531;28;2.007;-2.25316;0.00206124;5.55953e-05
932;6.07842;-1.85902;35;9.144;-2.44413;3.06558;0.585113
933;7;-2.01512;21;7.034;-2.03179;0.034;0.0166713
934;6.47572;-1.47571;50;9.524;-1.47668;3.04828;0.000973386
935;5.63966;-1.95791;34;5.638;-1.95794;0.00166179;2.54638e-05
936;0.956696;-1.20526;37;8.194;-3.12804;7.2373;1.92278
937;1.43117;-2.33294;29;1.43;-2.33296;0.00117146;1.51017e-05
938;0.286682;-3.40559;26;0.289;-3.40574;0.00231813;0.000153957
939;1.81877;-2.04051;29;1.817;-2.04054;0.00177129;3.09573e-05
940;2.68162;-1.50175;48;7.884;-2.00376;5.20238;0.502015
941;4.65665;-1.54007;46;7.488;-1.86414;2.83135;0.32407
942;5.11973;-2.07826;30;5.118;-2.07828;0.00173419;2.3235e-05
943;3.51228;-2.6572;28;3.514;-2.65722;0.00171646;2.31845e-05
944;5.40313;-2.21156;28;5.405;-2.21158;0.00187497;2.00578e-05
945;1.22251;-1.8357;32;8.062;-1.92854;6.83949;0.092839
946;0.912435;-2.49621;30;0.913;-2.49622;0.000565225;7.55373e-06
947;5.73214;-1.90044;27;7.484;-1.9942;1.75186;0.0937606
948;1.03676;-2.07168;29;8.879;-2.11375;7.84224;0.04207
949;6.27544;-2.26968;36;6.273;-2.26968;0.00244495;1.80507e-06
950;2.52529;-2.32765;26;7.653;-2.56652;5.12771;0.238869
951;5.49586;-2.63316;24;5.496;-2.63316;0.000139019;9.05745e-08
952;5.35827;-2.75914;26;5.356;-2.75926;0.00227239;0.000119938
953;3.00428;-2.26167;23;3;-2.26185;0.00428417;0.000179803
954;2.13069;-2.12775;34;2.129;-2.12783;0.00169104;8.09453e-05
955;7;-1.87945;28;7.051;-1.90137;0.051;0.0219223
956;4.16587;-2.01109;32;4.162;-2.01122;0.00386721;0.000129666
957;6.37767;-3.29898;27;6.38;-3.29922;0.00233136;0.000244725
958;1.62419;-2.06185;36;1.622;-2.0619;0.00219429;4.93318e-05
959;3.76633;-1.61678;52;7.613;-1.87728;3.84667;0.2605
960;4.03485;-1.51046;42;8.324;-1.8496;4.28915;0.339136
961;1.52235;-2.23303;31;1.524;-2.23304;0.00164604;6.46676e-06
962;4.32695;-1.88859;40;4.324;-1.88868;0.00295379;9.39924e-05
963;5.37797;-1.03267;74;9.774;-2.46266;4.39603;1.42999
964;3.18726;-2.8634;26;3.189;-2.86344;0.00174445;4.3546e-05
965;1.0426;-1.30133;38;1.043;-1.30134;0.000401461;9.6794e-06
966;4.00277;-2.35785;31;3.999;-2.35839;0.00377044;0.00054452
967;3.47185;-2.55605;27;3.47;-2.55609;0.00184735;4.25438e-05
968;5.2887;-1.86516;32;9.407;-2.02824;4.1183;0.163075
969;3.15146;-1.68585;36;3.151;-1.68585;0.000458365;2.72523e-07
970;3.08072;-1.77082;28;9.424;-1.78267;6.34328;0.0118538
971;0.509872;-1.51866;46;9.217;-2.11491;8.70713;0.596251
972;2.62962;-2.05664;30;2.633;-2.0569;0.00337578;0.00025838
973;4.88412;-2.85282;26;4.884;-2.85281;0.000117658;1.0383e-05
974;5.00292;-1.71399;48;7.213;-1.90482;2.21008;0.19083
975;5.38096;-3.01448;24;5.386;-3.01491;0.00504304;0.000428186
976;1.80559;-1.84301;26;1.805;-1.843;0.000586469;9.44779e-06
977;6.17736;-1.97273;31;8.487;-2.19441;2.30964;0.221678
978;3.33358;-2.49642;26;3.331;-2.49659;0.00258202;0.000169707
979;4.33639;-1.81853;30;4.336;-1.81854;0.000386406;1.08524e-05
980;6.23683;-1.77801;38;8.633;-1.83976;2.39617;0.0617473
981;4.88063;-2.37828;26;4.884;-2.37846;0.00336795;0.000177854
982;1.04899;-1.79445;26;8.44;-2.57864;7.39101;0.784193
983;4.69693;-1.35749;54;7.848;-1.92797;3.15107;0.570484
984;5.77824;-2.58106;38;5.778;-2.58106;0.000240497;1.50212e-06
985;0.268228;-2.1208;29;0.268;-2.1208;0.000228151;3.1435e-06
986;5.24278;-2.13852;26;5.238;-2.1387;0.00477998;0.00018362
987;1.18846;-2.0397;28;1.188;-2.0397;0.000464345;1.66058e-06
988;2.68558;-1.82022;34;8.286;-2.04397;5.60042;0.223749
989;3.43086;-2.38927;34;3.428;-2.38938;0.00286159;0.000110464
990;6.21787;-3.22479;22;6.219;-3.22484;0.00113016;5.17624e-05
991;3.75044;-1.49917;52;3.751;-1.49918;0.000562699;6.42828e-06
992;5.96275;-1.97105;36;5.965;-1.97107;0.002254;1.93639e-05
993;2.93995;-1.50525;44;2.945;-1.50562;0.00504596;0.000371195
994;0.201873;-2.41072;26;0.204;-2.41085;0.00212734;0.000131678
995;6.52621;-2.20529;29;6.527;-2.20529;0.000788533;2.22807e-06
996;2.29281;-1.77124;35;9.147;-2.01933;6.85419;0.248088
997;3.03116;-1.98389;24;9.684;-2.05173;6.65284;0.06784
998;6.58489;-2.39515;31;6.586;-2.39518;0.00111234;2.61918e-05
